{
  "id": "3281160",
  "name": "hexo",
  "font_family": "icon",
  "css_prefix_text": "icon-",
  "description": "",
  "glyphs": [
    {
      "icon_id": "8899530",
      "name": "历史查阅",
      "font_class": "lishichayue",
      "unicode": "e605",
      "unicode_decimal": 58885
    },
    {
      "icon_id": "773009",
      "name": "photo",
      "font_class": "photo",
      "unicode": "e679",
      "unicode_decimal": 59001
    },
    {
      "icon_id": "7736078",
      "name": "folder-open",
      "font_class": "folder-open",
      "unicode": "e8ec",
      "unicode_decimal": 59628
    },
    {
      "icon_id": "24636146",
      "name": "close",
      "font_class": "close",
      "unicode": "e661",
      "unicode_decimal": 58977
    },
    {
      "icon_id": "128841",
      "name": "calendar",
      "font_class": "calendar-check",
      "unicode": "e726",
      "unicode_decimal": 59174
    },
    {
      "icon_id": "11674252",
      "name": "comments-fill",
      "font_class": "comment",
      "unicode": "e7a9",
      "unicode_decimal": 59305
    },
    {
      "icon_id": "34927",
      "name": "weibo",
      "font_class": "weibo",
      "unicode": "e6c4",
      "unicode_decimal": 59076
    },
    {
      "icon_id": "929925",
      "name": "twitter",
      "font_class": "twitter",
      "unicode": "e872",
      "unicode_decimal": 59506
    },
    {
      "icon_id": "4937023",
      "name": "facebook-fill",
      "font_class": "facebook",
      "unicode": "e88d",
      "unicode_decimal": 59533
    },
    {
      "icon_id": "15268550",
      "name": "si-glyph-triangle-double-arrow-left",
      "font_class": "angle-left",
      "unicode": "e691",
      "unicode_decimal": 59025
    },
    {
      "icon_id": "1374",
      "name": "信号",
      "font_class": "rss",
      "unicode": "e600",
      "unicode_decimal": 58880
    },
    {
      "icon_id": "5634808",
      "name": "qq",
      "font_class": "qq",
      "unicode": "f216",
      "unicode_decimal": 61974
    },
    {
      "icon_id": "15025375",
      "name": "map-marker",
      "font_class": "map-marker",
      "unicode": "e8e4",
      "unicode_decimal": 59620
    },
    {
      "icon_id": "15378949",
      "name": "wechat",
      "font_class": "wechat",
      "unicode": "ed0d",
      "unicode_decimal": 60685
    },
    {
      "icon_id": "20451910",
      "name": "eye-Fill",
      "font_class": "eye-fill",
      "unicode": "e8d8",
      "unicode_decimal": 59608
    },
    {
      "icon_id": "21730726",
      "name": "github",
      "font_class": "github",
      "unicode": "e657",
      "unicode_decimal": 58967
    },
    {
      "icon_id": "15268547",
      "name": "si-glyph-triangle-double-arrow-right",
      "font_class": "angle-right",
      "unicode": "e690",
      "unicode_decimal": 59024
    },
    {
      "icon_id": "23624381",
      "name": "catalogue",
      "font_class": "list",
      "unicode": "e618",
      "unicode_decimal": 58904
    },
    {
      "icon_id": "348714",
      "name": "plane",
      "font_class": "plane",
      "unicode": "ebaa",
      "unicode_decimal": 60330
    },
    {
      "icon_id": "26924551",
      "name": "departure",
      "font_class": "plane_departure_2",
      "unicode": "e615",
      "unicode_decimal": 58901
    },
    {
      "icon_id": "24680786",
      "name": "plane-departure",
      "font_class": "plane_departure_1",
      "unicode": "e991",
      "unicode_decimal": 59793
    },
    {
      "icon_id": "1444941",
      "name": "movie",
      "font_class": "movies",
      "unicode": "e803",
      "unicode_decimal": 59395
    },
    {
      "icon_id": "3257745",
      "name": "论文",
      "font_class": "papers",
      "unicode": "e658",
      "unicode_decimal": 58968
    },
    {
      "icon_id": "4773969",
      "name": "books",
      "font_class": "books",
      "unicode": "e642",
      "unicode_decimal": 58946
    },
    {
      "icon_id": "4936533",
      "name": "code library-fill",
      "font_class": "code_lib",
      "unicode": "e84b",
      "unicode_decimal": 59467
    },
    {
      "icon_id": "7684769",
      "name": "folder",
      "font_class": "folder",
      "unicode": "e69a",
      "unicode_decimal": 59034
    },
    {
      "icon_id": "8349462",
      "name": "icon_home_fill",
      "font_class": "home",
      "unicode": "e7ae",
      "unicode_decimal": 59310
    },
    {
      "icon_id": "11459655",
      "name": "icon-about-me",
      "font_class": "aboutme",
      "unicode": "e626",
      "unicode_decimal": 58918
    },
    {
      "icon_id": "11668570",
      "name": "archives",
      "font_class": "archives",
      "unicode": "e68d",
      "unicode_decimal": 59021
    },
    {
      "icon_id": "13253862",
      "name": "tags",
      "font_class": "tags",
      "unicode": "e611",
      "unicode_decimal": 58897
    },
    {
      "icon_id": "14660282",
      "name": "link-solid",
      "font_class": "links",
      "unicode": "e60e",
      "unicode_decimal": 58894
    }
  ]
}
